Ansbach,Amberg,Bamberg,Bayreuth,Coburg,Erlangen,Fürth,Hof,Nürnberg,Schwabach,Weiden i.d. Opf.,Amberg-Sulzbach,Landkreis Ansbach,Landkreis Bamberg,Landkreis Bayreuth,Landkreis Coburg,Erlangen-Höchstadt,Forchheim,Landkreis Fürth,Haßberge,Landkreis Hof,Kitzingen,Kronach,Kulmbach,Lichtenfels,Neumarkt i.d. Opf.,Neustadt a.d. Aisch-Bad Windsheim,Neustadt a.d. Waldnaab,Nürnberger Land,Roth,Sonneberg,Tirschenreuth,Weißenburg-Gunzenhausen,Wunsiedel i. Fichtelgebirge
0.3473443652908015,1.9279146072027734,0.03239747319688113,0.1871345794112006,0.37849896469289757,0.4194353780501314,0.7814835868868265,0.7428798555598749,0.7257107923194656,0.8283667097653448,0.9374608959969724,0.8924445555377846,0.7544557033891923,0.5130248947148989,0.1639823642869528,0.48218037770245303,0.9177185684162964,0.24088911067072472,0.7076329983759462,0.3010117443899081,0.14080590906685497,0.4537056630606252,0.47019140597148745,0.24952030651720936,0.12948372075045111,0.7476518051356479,0.7877006195171734,0.48977820978503905,0.652129755098545,0.2253273284760905,0.45635100568961573,0.45057576348566053,0.7174540674148714,0.260579151466793
0.022732595395534627,0.04649543963063252,0.7456782986207736,0.1687439861704365,0.5980767337429213,0.5940399067796774,0.15957240237801684,0.3785058720164598,0.39536999350109725,0.10215113113951235,0.6327350420893346,0.7972070504766765,0.24457301081331195,0.09935073746437895,0.06221215127775559,0.583353980989958,0.20189622771137938,0.497284870751577,0.6459256339624231,0.3821181274909158,0.8538749030494066,0.5584019061625224,0.689098992433872,0.46003808103035915,0.5496229568996849,0.8172526887221696,0.7084702689510508,0.7610342815862987,0.5081202092889793,0.15745899637474703,0.1464047365854807,0.6644389509616985,0.55176518788278,0.32644642668250434
